MANMON-MIB,1.3.6.1.4.1.44648,10220,f,value,1,manmon
MANMON-MIB,1.3.6.1.4.1.44648.3,10222,f,value,1,manmonExtra
MANMON-MIB,1.3.6.1.4.1.44648.3.1,10224,f,value,1,manmonRoot
MANMON-MIB,1.3.6.1.4.1.44648.3.1.2,10227,f,value,1,mmProcTopIOTable
MANMON-MIB,1.3.6.1.4.1.44648.3.1.2.1,10230,f,value,1,mmProcTopIOEntry
MANMON-MIB,1.3.6.1.4.1.44648.3.1.2.1.1,10233,f,value,1,mmProcTopIOIndex
MANMON-MIB,1.3.6.1.4.1.44648.3.1.2.1.2,10235,f,value,1,mmProcTopIOProcId
MANMON-MIB,1.3.6.1.4.1.44648.3.1.2.1.3,10238,f,value,1,mmProcTopIOProcName
MANMON-MIB,1.3.6.1.4.1.44648.3.1.2.1.4,10241,f,value,1,mmProcTopIOUsage
MANMON-MIB,1.3.6.1.4.1.44648.3.1.3,10244,f,value,1,mmProcTopCpuTable
MANMON-MIB,1.3.6.1.4.1.44648.3.1.3.1,10247,f,value,1,mmProcTopCpuEntry
MANMON-MIB,1.3.6.1.4.1.44648.3.1.3.1.1,10249,f,value,1,mmProcTopCpuIndex
MANMON-MIB,1.3.6.1.4.1.44648.3.1.3.1.2,10251,f,value,1,mmProcTopCpuProcId
MANMON-MIB,1.3.6.1.4.1.44648.3.1.3.1.3,10253,f,value,1,mmProcTopCpuProcName
MANMON-MIB,1.3.6.1.4.1.44648.3.1.3.1.4,10255,f,value,1,mmProcTopCpuLoad
MANMON-MIB,1.3.6.1.4.1.44648.3.1.4,10258,f,value,1,mmUsersTopCpuTable
MANMON-MIB,1.3.6.1.4.1.44648.3.1.4.1,10261,f,value,1,mmUsersTopCpuEntry
MANMON-MIB,1.3.6.1.4.1.44648.3.1.4.1.1,10263,f,value,1,mmUsersTopCpuIndex
MANMON-MIB,1.3.6.1.4.1.44648.3.1.4.1.2,10265,f,value,1,mmUsersTopCpuUserId
MANMON-MIB,1.3.6.1.4.1.44648.3.1.4.1.3,10267,f,value,1,mmUsersTopCpuUserName
MANMON-MIB,1.3.6.1.4.1.44648.3.1.4.1.4,10269,f,value,1,mmUsersTopCpuLoad
MANMON-MIB,1.3.6.1.4.1.44648.3.1.5,10272,f,value,1,mmUsersTopIOTable
MANMON-MIB,1.3.6.1.4.1.44648.3.1.5.1,10275,f,value,1,mmUsersTopIOEntry
MANMON-MIB,1.3.6.1.4.1.44648.3.1.5.1.1,10277,f,value,1,mmUsersTopIOIndex
MANMON-MIB,1.3.6.1.4.1.44648.3.1.5.1.2,10279,f,value,1,mmUsersTopIOUserId
MANMON-MIB,1.3.6.1.4.1.44648.3.1.5.1.3,10281,f,value,1,mmUsersTopIOUserName
MANMON-MIB,1.3.6.1.4.1.44648.3.1.5.1.4,10283,f,value,1,mmUsersTopIOUsage
MANMON-MIB,1.3.6.1.4.1.44648.3.1.6,10286,f,value,1,mmUsersTopMemTable
MANMON-MIB,1.3.6.1.4.1.44648.3.1.6.1,10289,f,value,1,mmUsersTopMemEntry
MANMON-MIB,1.3.6.1.4.1.44648.3.1.6.1.1,10291,f,value,1,mmUsersTopMemIndex
MANMON-MIB,1.3.6.1.4.1.44648.3.1.6.1.2,10293,f,value,1,mmUsersTopMemUserId
MANMON-MIB,1.3.6.1.4.1.44648.3.1.6.1.3,10295,f,value,1,mmUsersTopMemUserName
MANMON-MIB,1.3.6.1.4.1.44648.3.1.6.1.4,10297,f,value,1,mmUsersTopMemUsage
MANMON-MIB,1.3.6.1.4.1.44648.3.1.7,10300,f,value,1,mmProcTopMemTable
MANMON-MIB,1.3.6.1.4.1.44648.3.1.7.1,10303,f,value,1,mmProcTopMemEntry
MANMON-MIB,1.3.6.1.4.1.44648.3.1.7.1.1,10305,f,value,1,mmProcTopMemIndex
MANMON-MIB,1.3.6.1.4.1.44648.3.1.7.1.2,10307,f,value,1,mmProcTopMemProcId
MANMON-MIB,1.3.6.1.4.1.44648.3.1.7.1.3,10309,f,value,1,mmProcTopMemProcName
MANMON-MIB,1.3.6.1.4.1.44648.3.1.7.1.4,10311,f,value,1,mmProcTopMemUsage
MANMON-MIB,1.3.6.1.4.1.44648.3.1.8,10314,f,value,1,mmProcOpenFilesSoftTable
MANMON-MIB,1.3.6.1.4.1.44648.3.1.8.1,10317,f,value,1,mmProcOpenFilesSoftEntry
MANMON-MIB,1.3.6.1.4.1.44648.3.1.8.1.1,10319,f,value,1,mmProcOpenFilesSoftIndex
MANMON-MIB,1.3.6.1.4.1.44648.3.1.8.1.2,10321,f,value,1,mmProcOpenFilesSoftProcId
MANMON-MIB,1.3.6.1.4.1.44648.3.1.8.1.3,10323,f,value,1,mmProcOpenFilesSoftProcName
MANMON-MIB,1.3.6.1.4.1.44648.3.1.8.1.4,10325,f,value,1,mmProcOpenFilesSoftPercentInUse
MANMON-MIB,1.3.6.1.4.1.44648.3.1.9,10328,f,value,1,mmProcOpenFilesHardTable
MANMON-MIB,1.3.6.1.4.1.44648.3.1.9.1,10331,f,value,1,mmProcOpenFilesHardEntry
MANMON-MIB,1.3.6.1.4.1.44648.3.1.9.1.1,10333,f,value,1,mmProcOpenFilesHardIndex
MANMON-MIB,1.3.6.1.4.1.44648.3.1.9.1.2,10335,f,value,1,mmProcOpenFilesHardProcId
MANMON-MIB,1.3.6.1.4.1.44648.3.1.9.1.3,10337,f,value,1,mmProcOpenFilesHardProcName
MANMON-MIB,1.3.6.1.4.1.44648.3.1.9.1.4,10339,f,value,1,mmProcOpenFilesHardPercentInUse
MANMON-MIB,1.3.6.1.4.1.44648.3.1.10,10342,f,value,1,mmSoftRaidTable
MANMON-MIB,1.3.6.1.4.1.44648.3.1.10.1,10345,f,value,1,mmSoftRaidEntry
MANMON-MIB,1.3.6.1.4.1.44648.3.1.10.1.1,10347,f,value,1,mmSoftRaidIndex
MANMON-MIB,1.3.6.1.4.1.44648.3.1.10.1.2,10349,f,value,1,mmSoftRaidDev
MANMON-MIB,1.3.6.1.4.1.44648.3.1.10.1.3,10351,f,value,1,mmSoftRaidStatus
MANMON-MIB,1.3.6.1.4.1.44648.3.1.10.1.4,10353,f,value,1,mmSoftRaidRebuildStatus
MANMON-MIB,1.3.6.1.4.1.44648.3.1.10.1.5,10355,f,value,1,mmSoftRaidUnitsActive
MANMON-MIB,1.3.6.1.4.1.44648.3.1.11,10358,f,value,1,mmUsersOpenProcessesTable
MANMON-MIB,1.3.6.1.4.1.44648.3.1.11.1,10361,f,value,1,mmUsersOpenProcessesEntry
MANMON-MIB,1.3.6.1.4.1.44648.3.1.11.1.1,10363,f,value,1,mmUsersOpenProcessesIndex
MANMON-MIB,1.3.6.1.4.1.44648.3.1.11.1.2,10365,f,value,1,mmUsersOpenProcessesUserId
MANMON-MIB,1.3.6.1.4.1.44648.3.1.11.1.3,10367,f,value,1,mmUsersOpenProcessesUserName
MANMON-MIB,1.3.6.1.4.1.44648.3.1.11.1.4,10369,f,value,1,mmUsersOpenProcesses
MANMON-MIB,1.3.6.1.4.1.44648.3.1.11.1.5,10371,f,value,1,mmUsersOpenProcessesSoftLimitUsedPercent
MANMON-MIB,1.3.6.1.4.1.44648.3.1.11.1.6,10373,f,value,1,mmUsersOpenProcessesHardLimitUsedPercent
MANMON-MIB,1.3.6.1.4.1.44648.3.2,10375,f,value,1,manmonBasicRoot
MANMON-MIB,1.3.6.1.4.1.44648.3.2.1,10378,f,value,1,mmDiskTable
MANMON-MIB,1.3.6.1.4.1.44648.3.2.1.1,10381,f,value,1,mmDiskEntry
MANMON-MIB,1.3.6.1.4.1.44648.3.2.1.1.1,10383,f,value,1,mmDiskIndex
MANMON-MIB,1.3.6.1.4.1.44648.3.2.1.1.2,10385,f,value,1,mmDiskDev
MANMON-MIB,1.3.6.1.4.1.44648.3.2.1.1.3,10387,f,value,1,mmDiskUsedPercent
MANMON-MIB,1.3.6.1.4.1.44648.3.2.1.1.4,10389,f,value,1,mmDiskInodeUsedPercent
MANMON-MIB,1.3.6.1.4.1.44648.3.2.1.1.5,10391,f,value,1,mmDiskIOPercent
MANMON-MIB,1.3.6.1.4.1.44648.3.2.1.1.6,10393,f,value,1,mmDiskMountPoints
MANMON-MIB,1.3.6.1.4.1.44648.3.2.1.1.7,10395,f,value,1,mmDiskTotal
MANMON-MIB,1.3.6.1.4.1.44648.3.2.1.1.8,10397,f,value,1,mmDiskInodeTotal
MANMON-MIB,1.3.6.1.4.1.44648.3.2.3,10400,f,value,1,mmCpuTable
MANMON-MIB,1.3.6.1.4.1.44648.3.2.3.1,10403,f,value,1,mmCpuEntry
MANMON-MIB,1.3.6.1.4.1.44648.3.2.3.1.1,10405,f,value,1,mmCpuIndex
MANMON-MIB,1.3.6.1.4.1.44648.3.2.3.1.2,10407,f,value,1,mmCpuLoad
MANMON-MIB,1.3.6.1.4.1.44648.3.2.4,10410,f,value,1,mmMemTable
MANMON-MIB,1.3.6.1.4.1.44648.3.2.4.1,10413,f,value,1,mmMemEntry
MANMON-MIB,1.3.6.1.4.1.44648.3.2.4.1.1,10415,f,value,1,mmMemIndex
MANMON-MIB,1.3.6.1.4.1.44648.3.2.4.1.2,10417,f,value,1,mmMemTotal
MANMON-MIB,1.3.6.1.4.1.44648.3.2.4.1.3,10419,f,value,1,mmMemUsedPercent
MANMON-MIB,1.3.6.1.4.1.44648.3.2.4.1.4,10421,f,value,1,mmMemCached
MANMON-MIB,1.3.6.1.4.1.44648.3.2.4.1.5,10423,f,value,1,mmMemCacheUsedPercent
MANMON-MIB,1.3.6.1.4.1.44648.3.2.4.1.6,10425,f,value,1,mmMemSwapTotal
MANMON-MIB,1.3.6.1.4.1.44648.3.2.4.1.7,10427,f,value,1,mmMemSwapUsedPercent
MANMON-MIB,1.3.6.1.4.1.44648.3.2.4.1.8,10429,f,value,1,mmMemAvailable
MANMON-MIB,1.3.6.1.4.1.44648.3.2.5,10431,f,value,1,mmTotalCpuLoad
MANMON-MIB,1.3.6.1.4.1.44648.3.2.6,10434,f,value,1,mmNetIfTable
MANMON-MIB,1.3.6.1.4.1.44648.3.2.6.1,10437,f,value,1,mmNetIfEntry
MANMON-MIB,1.3.6.1.4.1.44648.3.2.6.1.1,10439,f,value,1,mmNetIfIndex
MANMON-MIB,1.3.6.1.4.1.44648.3.2.6.1.2,10441,f,value,1,mmNetIfDev
MANMON-MIB,1.3.6.1.4.1.44648.3.2.6.1.3,10443,f,value,1,mmNetIfRecvBytesPerSecond
MANMON-MIB,1.3.6.1.4.1.44648.3.2.6.1.4,10445,f,value,1,mmNetIfRecvPacketsPerSecond
MANMON-MIB,1.3.6.1.4.1.44648.3.2.6.1.5,10447,f,value,1,mmNetIfSentBytesPerSecond
MANMON-MIB,1.3.6.1.4.1.44648.3.2.6.1.6,10449,f,value,1,mmNetIfSentPacketsPerSecond
